,plant_name,capacity_mw,start,plant_name_x,net_generation_gwh,usage,2021_cost_per_unit,2022_cost_per_unit,2022_units,own_IPP,own_Joint venture,own_Public,own_RENTAL & SIPP,fuel_GAS,fuel_HFO,fuel_HSD,fuel_HYDRO,fuel_IMPORT,fuel_SOLAR,fuel_WIND,2022_usage,cost_increase,age,diff,log_usage_squared,log_age_squared,log_capacity_mw_squared,log_net_generation_gwh_squared,log_2021_cost_per_unit_squared,log_2022_cost_per_unit_squared,log_2022_usage_squared
0,Sharishabari 3 MW Engreen Solar Power Plant,1.0986122886681098,2017.0,Sharishabari 3 MW Engreen Solar Power Plant,1.3722461453938315,-1.8971199848858813,2.779440197188883,2.7985001040242823,3997213.0,True,False,False,False,False,False,False,False,False,True,False,-1.5449609530060062,0.3100000000000023,1.791759469228055,0.3100000000000023,-3.7942399697717626,3.58351893845611,2.1972245773362196,2.744492290787663,5.558880394377766,5.597000208048565,-3.0899219060120124
1,Sympa Solar Power 8 MW,2.0794415416798357,2019.0,Sympa Solar Power 8 MW,2.4220555929702123,-1.8325814637483102,2.401525040848949,2.421256622711544,11994460.0,True,False,False,False,False,False,False,False,False,True,False,-1.4663079628160618,0.22000000000000064,1.3862943611198906,0.22000000000000064,-3.6651629274966204,2.772588722239781,4.1588830833596715,4.844111185940425,4.803050081697898,4.842513245423088,-2.9326159256321236
2,Kaptai Solar,1.9459101490553132,2019.0,Kaptai Solar,2.2733931234611555,-1.8388510767619055,1.7561322915849038,7.349873704738337,0.0,False,False,True,False,False,False,False,False,False,True,False,0.0,1550.21,1.3862943611198906,1550.21,-3.677702153523811,2.772588722239781,3.8918202981106265,4.546786246922311,3.5122645831698076,14.699747409476673,0.0
3,Fenchugonj 50 MW Rental (Energy Prima),0.0,2009.0,Fenchugonj 50 MW Rental (Energy Prima),5.392693928848956,-0.15082288973458366,1.184789984909162,1.1085626195212777,48318547.0,False,False,False,True,True,False,False,False,False,False,False,0.0,-0.2400000000000002,2.6390573296152584,-0.2400000000000002,-0.3016457794691674,5.278114659230517,0.0,10.785387857697913,2.369579969818324,2.2171252390425553,0.0
5,Fenchugonj 51 MW Rental (15 Yrs) (Barakatullah),3.9318256327243257,2009.0,Fenchugonj 51 MW Rental (15 Yrs) (Barakatullah),5.8666711524553135,-0.23572233352106983,1.1378330018213911,0.0,0.0,False,False,False,True,True,False,False,False,False,False,False,0.0,0.0,2.6390573296152584,0.0,-0.4714446670421396,5.278114659230517,7.8636512654486515,11.733342304910627,2.2756660036427823,0.0,0.0
7,Kumargao 10 MW Desh Combridge (15 Yrs),2.302585092994046,2009.0,Kumargao 10 MW Desh Combridge (15 Yrs),4.118432113751161,-0.35667494393873245,1.3454723665996355,1.2864740258376797,75345178.0,False,False,False,True,True,False,False,False,False,False,False,-0.6546815871577215,-0.21999999999999975,2.6390573296152584,-0.21999999999999975,-0.7133498878774649,5.278114659230517,4.605170185988092,8.236864227502322,2.690944733199271,2.5729480516753593,-1.309363174315443
8,Amnura 50MW Sinha Power,3.912023005428146,2012.0,Amnura 50MW Sinha Power,3.5354951472145792,-2.5257286443082556,1.8961194845522977,2.5764217586237734,20839351.0,False,False,False,True,False,True,False,False,False,False,False,-1.7015805865128952,6.49,2.3978952727983707,6.49,-5.051457288616511,4.795790545596741,7.824046010856292,7.0709902944291585,3.7922389691045955,5.152843517247547,-3.40316117302579
9,Shahjahanullah Power Gen Co. Ltd.,0.0,2013.0,Shahjahanullah Power Gen Co. Ltd.,4.631375799756173,-0.7550225842780328,1.2383742310432684,1.2383742310432684,119664201.0,False,False,False,True,True,False,False,False,False,False,False,0.0,0.0,2.302585092994046,0.0,-1.5100451685560656,4.605170185988092,0.0,9.262751599512345,2.4767484620865368,2.4767484620865368,0.0
10,Ashuganj 50 MW PP,3.970291913552122,1986.0,Ashuganj 50 MW PP,5.219249808261751,-0.7277386253295643,0.8671004876833833,0.7608058290337602,194969682.0,False,False,True,False,True,False,False,False,False,False,False,-1.0497344967726476,-0.23999999999999977,3.6109179126442243,-0.23999999999999977,-1.4554772506591287,7.221835825288449,7.940583827104244,10.438499616523503,1.7342009753667667,1.5216116580675203,-2.0994689935452953
11,20 MW Solar Teknaf,2.995732273553991,2018.0,20 MW Solar Teknaf,3.5096989590165393,-1.6607312068216509,2.468099531471619,2.488234439880675,37555078.0,True,False,False,False,False,False,False,False,False,True,False,-1.3679450974793177,0.23999999999999844,1.6094379124341003,0.23999999999999844,-3.3214624136433017,3.2188758248682006,5.991464547107982,7.0193979180330786,4.936199062943238,4.97646887976135,-2.7358901949586354
12,Barabkundu SIPP 22 MW (Regent Power),3.091042453358316,2009.0,Barabkundu SIPP 22 MW (Regent Power),5.061107851771554,-0.19845093872383832,1.0784095813505903,1.128171090909654,147081880.0,False,False,False,True,True,False,False,False,False,False,False,-0.7015785408237715,0.1499999999999999,2.6390573296152584,0.1499999999999999,-0.3969018774476767,5.278114659230517,6.182084906716632,10.122215703543109,2.1568191627011806,2.256342181819308,-1.403157081647543
13,Tangail SIPP (22 MW) (Doreen Power Ltd.),3.091042453358316,2008.0,Tangail SIPP (22 MW) (Doreen Power Ltd.),4.950168826439459,-0.31471074483970024,1.0508216248317612,1.085189268335969,156351263.0,False,False,False,True,True,False,False,False,False,False,False,-0.6599024173725532,0.10000000000000009,2.70805020110221,0.10000000000000009,-0.6294214896794006,5.41610040220442,6.182084906716632,9.900337652878918,2.1016432496635225,2.170378536671938,-1.3198048347451063
14,Feni SIPP (22 MW) (Doreen Power Ltd.),3.091042453358316,2009.0,Feni SIPP (22 MW) (Doreen Power Ltd.),5.075203814783836,-0.18632957819149348,1.0543120297715298,1.0647107369924282,161137638.0,False,False,False,True,True,False,False,False,False,False,False,-0.6390437047964985,0.029999999999999805,2.6390573296152584,0.029999999999999805,-0.37265915638298697,5.278114659230517,6.182084906716632,10.150407629567672,2.1086240595430596,2.1294214739848565,-1.278087409592997
15,Sinha Peoples Energy Ltd.Katpatti 52.5 MW Exp,3.9318256327243257,2015.0,Sinha Peoples Energy Ltd.Katpatti 52.5 MW Exp,3.061548103585121,-2.995732273553991,3.654546775033431,2.9745086371023644,25438560.0,True,False,False,False,False,True,False,False,False,False,False,-1.6787120720627398,-19.07,2.0794415416798357,-19.07,-5.991464547107982,4.1588830833596715,7.8636512654486515,6.123096207170242,7.309093550066862,5.949017274204729,-3.3574241441254795
16,Manikganj 35MW Spectra Solar Park Ltd.,3.5553480614894135,2021.0,Manikganj 35MW Spectra Solar Park Ltd.,3.372376007453711,-2.3025850929940455,2.337952236831337,2.481567748522486,52473009.0,True,False,False,False,False,False,False,False,False,True,False,-1.4383743521935135,1.6000000000000014,0.6931471805599453,1.6000000000000014,-4.605170185988091,1.3862943611198906,7.110696122978827,6.744752014907422,4.675904473662674,4.963135497044972,-2.876748704387027
17,Bhola 32 MW (Venture Energy Resources Ltd.),3.4965075614664802,2009.0,Bhola 32 MW (Venture Energy Resources Ltd.),5.296004694382108,-0.37106368139083207,1.3837912309017721,1.2669476034873244,189564498.0,False,False,False,True,True,False,False,False,False,False,False,-0.7920821885445696,-0.4400000000000004,2.6390573296152584,-0.4400000000000004,-0.7421273627816641,5.278114659230517,6.9930151229329605,10.592009388764216,2.7675824618035443,2.5338952069746488,-1.5841643770891392
18,Bogura RPP (24MW) 15 yrs,3.091042453358316,2008.0,Bogura RPP (24MW) 15 yrs,5.1209248420908065,-0.13926206733350766,0.0,1.4085449700547104,167469576.0,False,False,False,True,True,False,False,False,False,False,False,-0.6121015489893087,0.0,2.70805020110221,0.0,-0.27852413466701526,5.41610040220442,6.182084906716632,10.241849684181613,0.0,2.8170899401094207,-1.2242030979786174
19,"Baghabari 71 MW /GT
Baghabari 100 MW /GT",4.2626798770413155,1991.0,"Baghabari 71 MW /GT
Baghabari 100 MW /GT",4.053772536457053,-1.7147984280919266,2.1983350716202463,7.409741954080923,51893680.0,False,False,True,False,True,False,False,False,False,False,False,-1.615775678892987,1642.99,3.4657359027997265,1642.99,-3.4295968561838532,6.931471805599453,8.525359754082631,8.107545072914107,4.396670143240493,14.819483908161846,-3.231551357785974
20,Power Import (Bheramara-Bharampur Phase-1),6.214608098422191,2018.0,Power Import (Bheramara-Bharampur Phase-1),7.4562962526412475,0.0,1.9754689512968577,0.0,0.0,False,False,False,False,False,False,False,False,True,False,False,0.0,0.0,1.6094379124341003,0.0,0.0,3.2188758248682006,12.429216196844383,14.912592505282495,3.9509379025937155,0.0,0.0
21,Faridpur 50 MW Peaking PP,3.9889840465642745,2011.0,Faridpur 50 MW Peaking PP,2.7436039427156684,-3.2968373663379125,3.849296175519841,3.0411835364579085,42848640.0,False,False,True,False,False,True,False,False,False,False,False,-1.6005287098970604,-26.03,2.4849066497880004,-26.03,-6.593674732675826,4.969813299576001,7.977968093128549,5.487207885431337,7.698592351039682,6.082367072915817,-3.201057419794121
22,Jangalia 33 MW (Summit Purbanchol Po. Co. Ltd.),3.4965075614664802,2009.0,Jangalia 33 MW (Summit Purbanchol Po. Co. Ltd.),5.553957536414743,-0.11653381625595151,1.2947271675944,1.4011829736136412,232729909.0,False,False,False,True,True,False,False,False,False,False,False,-0.6551415828953695,0.4099999999999997,2.6390573296152584,0.4099999999999997,-0.23306763251190302,5.278114659230517,6.9930151229329605,11.107915072829487,2.5894543351888,2.8023659472272824,-1.310283165790739
23,210 MW Shiddirganj TPP,5.3471075307174685,2019.0,210 MW Shiddirganj TPP,0.0,0.0,0.0,0.0,0.0,False,False,True,False,True,False,False,False,False,False,False,0.0,0.0,1.3862943611198906,0.0,0.0,2.772588722239781,10.694215061434937,0.5046278572279791,0.0,0.0,0.0
26,Siddhirganj 2x120 MW GTPP,5.3471075307174685,2019.0,Siddhirganj 2x120 MW GTPP,6.334989178458869,-1.1457038962019601,1.5644405465033646,2.642622395779755,116096664.0,False,False,True,False,True,False,False,False,False,False,False,-1.661738359773236,9.27,1.3862943611198906,9.27,-2.2914077924039202,2.772588722239781,10.694215061434937,12.669978356917738,3.1288810930067292,5.28524479155951,-3.323476719546472
29,Siddhirganj 335 MW CCPP,5.814130531825066,2019.0,Siddhirganj 335 MW CCPP,6.9492770925718945,-0.9861768593383216,1.2584609896100056,1.4350845252893227,1419204804.0,False,False,True,False,True,False,False,False,False,False,False,-0.9619726266889833,0.6800000000000002,1.3862943611198906,0.6800000000000002,-1.972353718676643,2.772588722239781,11.628261063650132,13.898554185143789,2.5169219792200113,2.8701690505786455,-1.9239452533779666
32,Midland Power Co. Ashuganj 51 MW,3.9318256327243257,2013.0,Midland Power Co. Ashuganj 51 MW,5.684001447126745,-0.4155154439616658,1.1505720275988207,1.0116009116784799,370760585.0,True,False,False,False,True,False,False,False,False,False,False,-0.6268159884380115,-0.41000000000000014,2.302585092994046,-0.41000000000000014,-0.8310308879233316,4.605170185988092,7.8636512654486515,11.36800289425349,2.301144055197642,2.0232018233569597,-1.253631976876023
33,Ashugonj  55 MW 3Yrs Rental (Precision Energy),4.007333185232471,2010.0,Ashugonj  55 MW 3Yrs Rental (Precision Energy),5.341408943616276,-0.843970070294529,1.6544112780768316,1.5151272329628591,276586308.0,False,False,False,True,True,False,False,False,False,False,False,-0.8684935212546914,-0.6800000000000006,2.5649493574615367,-0.6800000000000006,-1.687940140589058,5.1298987149230735,8.014666370464942,10.682817887232552,3.3088225561536633,3.030254465925718,-1.7369870425093827
34,50 MW HDFC Solar Power Plant,3.912023005428146,2020.0,50 MW HDFC Solar Power Plant,4.172212599320415,-1.8971199848858813,2.6658383522929006,2.6878474937846906,92430240.0,True,False,False,False,False,False,False,False,False,True,False,-1.363018370398179,0.3199999999999985,1.0986122886681098,0.3199999999999985,-3.7942399697717626,2.1972245773362196,7.824046010856292,8.34442519864083,5.331676704585801,5.375694987569381,-2.726036740796358
35,Chandpur 150 MW CCPP,5.093750200806762,2012.0,Chandpur 150 MW CCPP,6.391107573072924,-0.818710403535291,1.2669476034873244,5.407171771460119,726768536.0,False,False,True,False,True,False,False,False,False,False,False,-0.9339153484699667,219.45,2.3978952727983707,219.45,-1.637420807070582,4.795790545596741,10.187500401613525,12.782215146145848,2.5338952069746488,10.814343542920238,-1.8678306969399334
36,Sahzibazar 86 MW RPP (15 yrs),4.454347296253507,2009.0,Sahzibazar 86 MW RPP (15 yrs),6.406029294300651,-0.2231435513142097,1.2149127443642704,1.264126727145683,619933776.0,False,False,False,True,True,False,False,False,False,False,False,-0.6272409254053433,0.16999999999999993,2.6390573296152584,0.16999999999999993,-0.4462871026284193,5.278114659230517,8.908694592507015,12.812058588601301,2.429825488728541,2.528253454291366,-1.2544818508106865
37,Tangail Polly Power 22 MW TPPGCl,3.091042453358316,2020.0,Tangail Polly Power 22 MW TPPGCl,4.317226746049471,-0.941608539858445,2.5201129055226197,2.761906873892921,149421480.0,True,False,False,False,False,True,False,False,False,False,False,-0.690894456637408,3.4000000000000004,1.0986122886681098,3.4000000000000004,-1.88321707971689,2.1972245773362196,6.182084906716632,8.634453492098942,5.040225811045239,5.523813747785842,-1.3817889132748162
38,United Payra PP Patuakhali Imp,5.0106352940962555,2021.0,United Payra PP Patuakhali Imp,3.5103387409145976,-3.506557897319982,3.4728976958273465,3.48216274048526,76919436.0,True,False,False,False,False,True,False,False,False,False,False,-1.6730617640642893,0.30000000000000426,0.6931471805599453,0.30000000000000426,-7.013115794639964,1.3862943611198906,10.021270588192511,7.020677481829195,6.945795391654693,6.96432548097052,-3.3461235281285786
39, Ashuganj TPP Unit-3,5.0106352940962555,1987.0, Ashuganj TPP Unit-3,5.406898639992711,-1.565421027017326,1.6544112780768316,1.979621206397625,347574918.0,False,False,True,False,True,False,False,False,False,False,False,-1.2675772454015237,2.01,3.58351893845611,2.01,-3.130842054034652,7.16703787691222,10.021270588192511,10.813797279985423,3.3088225561536633,3.95924241279525,-2.5351544908030474
42, Ashuganj TPP Unit-4,5.0106352940962555,1987.0, Ashuganj TPP Unit-4,5.633626784500453,-1.3432348716594436,1.6544112780768316,1.979621206397625,347574918.0,False,False,True,False,True,False,False,False,False,False,False,-1.2675772454015237,2.01,3.58351893845611,2.01,-2.686469743318887,7.16703787691222,10.021270588192511,11.267253569000905,3.3088225561536633,3.95924241279525,-2.5351544908030474
45,Ashuganj 225 MW CCPP,5.3981627015177525,1987.0,Ashuganj 225 MW CCPP,7.36158550856093,-0.18874212459687742,1.1817271953786161,1.199964782928397,1579703499.0,False,False,True,False,True,False,False,False,False,False,False,-0.6282113155961425,0.06000000000000005,3.58351893845611,0.06000000000000005,-0.3774842491937548,7.16703787691222,10.796325403035505,14.72317101712186,2.3634543907572323,2.399929565856794,-1.256422631192285
48, Ashuganj TPP Unit-5,5.0106352940962555,1988.0, Ashuganj TPP Unit-5,5.371918603190146,-1.5994875815809322,1.6544112780768316,1.979621206397625,347574918.0,False,False,True,False,True,False,False,False,False,False,False,-1.2675772454015237,2.01,3.5553480614894135,2.01,-3.1989751631618644,7.110696122978827,10.021270588192511,10.743837206380292,3.3088225561536633,3.95924241279525,-2.5351544908030474
49,Modhumoti 105 MW NWPGCL,4.653960350157523,2019.0,Modhumoti 105 MW NWPGCL,2.5197749562278897,-4.199705077879927,4.851795861449505,3.34814816057234,98005392.0,False,False,True,False,False,True,False,False,False,False,False,-1.5634704923825475,-99.52,1.3862943611198906,-99.52,-8.399410155759854,2.772588722239781,9.307920700315046,5.039549912455779,9.70359172289901,6.69629632114468,-3.126940984765095
50,Kushiara power Co. Ltd (163MW)CCPP Fenchuganj,5.093750200806762,2017.0,Kushiara power Co. Ltd (163MW)CCPP Fenchuganj,6.971266553932962,-0.2876820724517809,1.095273387402595,1.1216775615991057,1038532925.0,True,False,False,False,True,False,False,False,False,False,False,-0.7081838219115675,0.07999999999999963,1.791759469228055,0.07999999999999963,-0.5753641449035618,3.58351893845611,10.187500401613525,13.942533107865923,2.19054677480519,2.2433551231982114,-1.416367643823135
51,Shiddirganj  Dutchbangla 100 MW,4.605170185988092,2011.0,Shiddirganj  Dutchbangla 100 MW,5.903623553354238,-0.8675005677047231,2.528125768907977,3.005187432324746,161026042.0,False,False,False,True,False,True,False,False,False,False,False,-1.4086550930136144,7.660000000000002,2.4849066497880004,7.660000000000002,-1.7350011354094463,4.969813299576001,9.210340371976184,11.807247106708475,5.056251537815954,6.010374864649492,-2.8173101860272287
52,Haripur Power Ltd.,5.886104031450156,2001.0,Haripur Power Ltd.,7.74732866802332,-0.31471074483970024,0.5187937934151675,0.5306282510621704,1919174000.0,True,False,False,False,True,False,False,False,False,False,False,-0.8224979220653684,0.020000000000000018,3.091042453358316,0.020000000000000018,-0.6294214896794006,6.182084906716632,11.772208062900312,15.49465733604664,1.037587586830335,1.0612565021243408,-1.6449958441307369
53,Bhairab Power 54.5 MW,3.9889840465642745,2021.0,Bhairab Power 54.5 MW,4.253943231908788,-1.8971199848858813,2.5241273629412815,2.830267833826459,198278640.0,True,False,False,False,False,True,False,False,False,False,False,-1.0505550044081247,4.469999999999999,0.6931471805599453,4.469999999999999,-3.7942399697717626,1.3862943611198906,7.977968093128549,8.507886463817576,5.048254725882563,5.660535667652918,-2.1011100088162493
54,Baraka Patenga,3.912023005428146,2014.0,Baraka Patenga,5.2929107772487365,-0.7985076962177716,2.474856313934499,2.744060638625243,232871760.0,True,False,False,False,False,True,False,False,False,False,False,-0.9161439988699049,3.67,2.1972245773362196,3.67,-1.5970153924355432,4.394449154672439,7.824046010856292,10.585821554497473,4.949712627868998,5.488121277250486,-1.8322879977398099
55,Noapara100MW (Bangla Trac),4.605170185988092,2018.0,Noapara100MW (Bangla Trac),4.805820244873673,-1.9661128563728327,3.4461707473048864,3.591266625246936,102068064.0,True,False,False,False,False,False,True,False,False,False,False,-1.5421984098429717,4.900000000000002,1.6094379124341003,4.900000000000002,-3.9322257127456655,3.2188758248682006,9.210340371976184,9.611640489747346,6.892341494609773,7.182533250493872,-3.0843968196859435
56,Julda Acorn Infra.service Ltd.100MW,4.605170185988092,2018.0,Julda Acorn Infra.service Ltd.100MW,5.246719815352762,-1.5141277326297755,2.8027541365715076,2.914522218128448,222839580.0,False,False,False,True,False,True,False,False,False,False,False,-1.2854952792745942,1.9500000000000028,1.6094379124341003,1.9500000000000028,-3.028255465259551,3.2188758248682006,9.210340371976184,10.493439630705524,5.605508273143015,5.829044436256896,-2.5709905585491883
57,Katakhali (Northern) Peaking,3.912023005428146,2012.0,Katakhali (Northern) Peaking,3.075965732264161,-2.995732273553991,2.3513752571634776,2.8021475244813256,297602757.0,False,False,False,True,False,True,False,False,False,False,False,-0.7624782684575763,5.98,2.3978952727983707,5.98,-5.991464547107982,4.795790545596741,7.824046010856292,6.151931464528322,4.702750514326955,5.604295048962651,-1.5249565369151525
58,Haripur 412 MW CCPP,6.021023349349527,1987.0,Haripur 412 MW CCPP,7.505261445017986,-0.6405547304407747,1.1019400787607843,0.9162907318741551,1981733402.0,False,False,True,False,True,False,False,False,False,False,False,-0.8861999530376258,-0.5099999999999998,3.58351893845611,-0.5099999999999998,-1.2811094608815494,7.16703787691222,12.042046698699053,15.010522890035972,2.2038801575215685,1.8325814637483102,-1.7723999060752518
60,Paramount Baghabari BanglaTrack,5.298317366548036,2019.0,Paramount Baghabari BanglaTrack,3.0964731350219385,-4.605170185988091,5.196672162785836,4.014399072045013,104571634.0,True,False,False,False,False,False,True,False,False,False,False,-1.670037676941898,-125.27999999999999,1.3862943611198906,-125.27999999999999,-9.210340371976182,2.772588722239781,10.596634733096073,6.192946270043877,10.393344325571672,8.028798144090025,-3.340075353883796
62,Ashuganj 450 MW CCPP (North),5.886104031450156,2017.0,Ashuganj 450 MW CCPP (North),7.64440423623658,-0.36528331847533263,1.0367368849500223,1.0818051703517284,2017615091.0,False,False,True,False,True,False,False,False,False,False,False,-0.7905187836427454,0.13000000000000034,1.791759469228055,0.13000000000000034,-0.7305666369506651,3.58351893845611,11.772208062900312,15.28880847247316,2.0734737699000445,2.163610340703457,-1.5810375672854908
64,Ashuganj 450 MW CCPP (South),5.886104031450156,2017.0,Ashuganj 450 MW CCPP (South),7.578438524104782,-0.43695577519953516,1.3532545070416904,1.324418957401803,2135112449.0,False,False,True,False,True,False,False,False,False,False,False,-0.7536413805167574,-0.11000000000000032,1.791759469228055,-0.11000000000000032,-0.8739115503990703,3.58351893845611,11.772208062900312,15.156877048209564,2.7065090140833807,2.648837914803606,-1.5072827610335149
66,Kamalaghat Banco Energy Generation,3.9889840465642745,2018.0,Kamalaghat Banco Energy Generation,5.7344700893873215,-0.4307829160924542,2.4397349311412793,2.761906873892921,376975008.0,True,False,False,False,False,True,False,False,False,False,False,-0.6542253172160105,4.359999999999999,1.6094379124341003,4.359999999999999,-0.8615658321849085,3.2188758248682006,7.977968093128549,11.468940178774643,4.8794698622825585,5.523813747785842,-1.308450634432021
68,Daudkandi 200MW(Bangla Trac),5.298317366548036,2018.0,Daudkandi 200MW(Bangla Trac),3.7022990077734015,-3.912023005428146,4.660794089736088,3.745496054532832,159163968.0,True,False,False,False,False,False,True,False,False,False,False,-1.5972147038598024,-63.39,1.6094379124341003,-63.39,-7.824046010856292,3.2188758248682006,10.596634733096073,7.404598015546803,9.321588179472176,7.490992109065664,-3.1944294077196047
69,ECPV Chattogram Limited 108 MW,4.68213122712422,2019.0,ECPV Chattogram Limited 108 MW,5.248362649550107,-1.6094379124341003,2.6026896854443837,2.866761892257031,407101368.0,True,False,False,False,False,True,False,False,False,False,False,-1.0313098057095675,4.079999999999998,1.3862943611198906,4.079999999999998,-3.2188758248682006,2.772588722239781,9.36426245424844,10.496725299100214,5.2053793708887675,5.733523784514062,-2.062619611419135
70,Digital  Power & Associates Gagnagar,4.624972813284271,2014.0,Digital  Power & Associates Gagnagar,5.7855590629050475,-1.0216512475319814,2.4406063908914204,2.830857630363757,440988642.0,True,False,False,False,False,True,False,False,False,False,False,-0.9541095452623849,5.48,2.1972245773362196,5.48,-2.043302495063963,4.394449154672439,9.249945626568541,11.571118125810095,4.881212781782841,5.661715260727514,-1.9082190905247696
71,Orion Power Sonargaon Ltd.,4.6443908991413725,2020.0,Orion Power Sonargaon Ltd.,6.11326771342192,-0.6931471805599453,2.423031246069913,2.579458966729223,638940480.0,True,False,False,False,False,True,False,False,False,False,False,-0.7348300223788791,1.9100000000000001,1.0986122886681098,1.9100000000000001,-1.3862943611198906,2.1972245773362196,9.288781798282745,12.22653542684384,4.846062492139826,5.158917933458446,-1.4696600447577581
72,Juldha Acorn 100 MW Unit-3,4.605170185988092,2020.0,Juldha Acorn 100 MW Unit-3,6.414378698010473,-0.35667494393873245,2.295560478057081,2.7140322727797574,586327094.0,True,False,False,False,False,True,False,False,False,False,False,-0.7658653069553175,5.16,1.0986122886681098,5.16,-0.7133498878774649,2.1972245773362196,9.210340371976184,12.828757396020945,4.591120956114162,5.428064545559515,-1.531730613910635
73,HF 113 MW Power Limited,4.727387818712341,2019.0,HF 113 MW Power Limited,6.31184424055165,-0.579818495252942,2.379546134130174,2.7350166493320245,577999758.0,True,False,False,False,False,True,False,False,False,False,False,-0.8522636213501965,4.609999999999999,1.3862943611198906,4.609999999999999,-1.159636990505884,2.772588722239781,9.454775637424682,12.6236884811033,4.759092268260348,5.470033298664049,-1.704527242700393
75,Lobonchora Orion Power Rupsha Ltd. 105 MW,4.653960350157523,2018.0,Lobonchora Orion Power Rupsha Ltd. 105 MW,5.889341562763096,-5.521460917862246,2.5416019934645457,2.8172035149987327,540193296.0,True,False,False,False,False,True,False,False,False,False,False,-0.8490779629205504,4.030000000000001,1.6094379124341003,4.030000000000001,-11.042921835724492,3.2188758248682006,9.307920700315046,11.778683125526191,5.0832039869290915,5.634407029997465,-1.6981559258411008
76,Kodda 150 MW PP,5.003946305945459,2018.0,Kodda 150 MW PP,5.959709397159687,-1.1776554960085626,2.714694743820879,2.987700101856727,480557237.0,False,False,True,False,False,True,False,False,False,False,False,-1.1125153530131033,4.74,1.6094379124341003,4.74,-2.355310992017125,3.2188758248682006,10.007892611890918,11.919418794319373,5.429389487641758,5.975400203713454,-2.2250307060262067
77,Anlima Chattogram 116 MW,4.7535901911063645,2021.0,Anlima Chattogram 116 MW,4.829400346728391,-2.120263536200091,2.6602595372658615,2.719978771967484,755550326.0,True,False,False,False,False,True,False,False,False,False,False,-0.6949658061306051,0.879999999999999,0.6931471805599453,0.879999999999999,-4.240527072400182,1.3862943611198906,9.507180382212729,9.658800693456781,5.320519074531723,5.439957543934968,-1.3899316122612104
78,Desh Energy Chandpur  200 MW,5.298317366548036,2018.0,Desh Energy Chandpur  200 MW,6.283200703146423,-1.171182981502945,2.6078614738467776,2.8449093838194073,752048193.0,True,False,False,False,False,True,False,False,False,False,False,-1.0303325655479527,3.629999999999999,1.6094379124341003,3.629999999999999,-2.34236596300589,3.2188758248682006,10.596634733096073,12.566401406292846,5.215722947693555,5.689818767638815,-2.0606651310959054
79,"Payra, Potuakhali 2*660 MW PP (U-1)",6.432940092739179,2020.0,"Payra, Potuakhali 2*660 MW PP (U-1)",7.625310104703824,-0.9238189982949466,2.151762203259462,2.6282852326333477,3998490350.0,False,True,False,False,False,False,False,False,False,False,False,-0.6991255889307972,5.25,1.0986122886681098,5.25,-1.847637996589893,2.1972245773362196,12.865880185478359,15.250620209407648,4.303524406518924,5.256570465266695,-1.3982511778615945
81,"Payra, Potuakhali 2*660 MW PP (U-2)",6.432940092739179,2020.0,"Payra, Potuakhali 2*660 MW PP (U-2)",7.474491995673342,-1.0817551716016867,2.151762203259462,2.6282852326333477,3998490350.0,False,True,False,False,False,False,False,False,False,False,False,-0.6991255889307972,5.25,1.0986122886681098,5.25,-2.1635103432033733,2.1972245773362196,12.865880185478359,14.948983991346685,4.303524406518924,5.256570465266695,-1.3982511778615945
83,Santahar 50 MW PP,3.912023005428146,2012.0,Santahar 50 MW PP,3.7567460248956435,-2.3025850929940455,3.071303460401065,2.9739977814079848,68351477.0,False,False,True,False,False,True,False,False,False,False,False,-1.4646062927753163,-2.0,2.3978952727983707,-2.0,-4.605170185988091,4.795790545596741,7.824046010856292,7.513492049791287,6.14260692080213,5.9479955628159695,-2.9292125855506326
84,Bera 70 MW Peaking RE,4.2626798770413155,2011.0,Bera 70 MW Peaking RE,3.4433209287952087,-2.9565115604007097,3.488902962081261,7.7226775164680035,148245.0,False,False,True,False,False,True,False,False,False,False,False,-1.8256680057441987,2226.25,2.4849066497880004,2226.25,-5.9130231208014195,4.969813299576001,8.525359754082631,6.886641857590417,6.977805924162522,15.445355032936007,-3.6513360114883975
85,Fenchuganj C.C. (Unit #1),4.574710978503383,1994.0,Fenchuganj C.C. (Unit #1),5.983257208860276,-0.4124897230451288,1.2837077723447896,1.1378330018213911,0.0,False,False,True,False,True,False,False,False,False,False,False,0.0,-0.48999999999999977,3.367295829986474,-0.48999999999999977,-0.8249794460902576,6.734591659972948,9.149421957006766,11.966514417720552,2.567415544689579,2.2756660036427823,0.0
86,"Sangu, Dohazari-kaliaish 100 MW PPP",4.624972813284271,2011.0,"Sangu, Dohazari-kaliaish 100 MW PPP",5.314475124075329,-1.4524341636244356,2.5952547069568657,0.0,0.0,False,False,True,False,False,True,False,False,False,False,False,0.0,0.0,2.4849066497880004,0.0,-2.904868327248871,4.969813299576001,9.249945626568541,10.628950248150659,5.190509413913731,0.0,0.0
87,Rauzan 210 MW /ST (1st),5.3471075307174685,1997.0,Rauzan 210 MW /ST (1st),6.00005033353233,-1.2140231401794375,1.6486586255873816,6.0473721790462776,500551576.0,False,False,True,False,True,False,False,False,False,False,False,-1.2545582121213599,417.8,3.258096538021482,417.8,-2.428046280358875,6.516193076042964,10.694215061434937,12.00010066706466,3.2973172511747633,12.094744358092555,-2.5091164242427197
89,Rauzan 210 MW /ST (2nd),5.3471075307174685,1997.0,Rauzan 210 MW /ST (2nd),0.0,0.0,1.6486586255873816,6.0473721790462776,500551576.0,False,False,True,False,True,False,False,False,False,False,False,-1.2545582121213599,417.8,3.258096538021482,417.8,0.0,6.516193076042964,10.694215061434937,0.0,3.2973172511747633,12.094744358092555,-2.5091164242427197
91,Bibiana III 400 MW CCPP,5.991464547107982,2019.0,Bibiana III 400 MW CCPP,7.5173643166130955,-0.5996568374726063,0.712949807856125,4.890349128221754,2139346500.0,False,False,True,False,True,False,False,False,False,False,False,-0.8202651543461364,130.96,1.3862943611198906,130.96,-1.1993136749452127,2.772588722239781,11.982929094215963,15.034728633226191,1.42589961571225,9.780698256443507,-1.640530308692273
92,Saidpur 20 MW /GT,2.995732273553991,1987.0,Saidpur 20 MW /GT,0.7249849374086967,-4.3428059215206005,4.558812062009942,5.209322204976474,1171640.0,False,False,True,False,False,False,True,False,False,False,False,-1.8083574265572597,87.5,3.58351893845611,87.5,-8.685611843041201,7.16703787691222,5.991464547107982,1.4499698748173935,9.117624124019883,10.41864440995295,-3.6167148531145195
93,Sylhet 1x20 MW /GT,2.995732273553991,1986.0,Sylhet 1x20 MW /GT,4.709794130443941,-0.45098562340997367,1.3297240096314962,1.2809338454620642,65637000.0,False,False,True,False,True,False,False,False,False,False,False,-1.1250387618809117,-0.17999999999999972,3.6109179126442243,-0.17999999999999972,-0.9019712468199474,7.221835825288449,5.991464547107982,9.419588260887881,2.659448019262993,2.561867690924129,-2.2500775237618234
94,Bheramara GT unit-3,2.995732273553991,1980.0,Bheramara GT unit-3,0.0,0.0,0.0,0.0,-113167.0,False,False,True,False,False,False,True,False,False,False,False,-1.8280912055828327,0.0,3.7612001156935624,0.0,0.0,7.522400231387125,5.991464547107982,-3.752022043351292,0.0,0.0,-3.6561824111656653
95, Ghorasal Repowered CCPP Unit-3,5.560681631015528,2021.0, Ghorasal Repowered CCPP Unit-3,3.8533064371192998,-3.7722610630529876,1.1410330045520618,11.129158245838182,4491600.0,False,False,True,False,True,False,False,False,False,False,False,-1.8207568465818964,68125.87,0.6931471805599453,68125.87,-7.544522126105975,1.3862943611198906,11.121363262031055,7.7066128742385995,2.2820660091041236,22.258316491676364,-3.641513693163793
96, Ghorasal TPP Unit-5,5.3471075307174685,1989.0, Ghorasal TPP Unit-5,6.870769043523117,-0.4780358009429998,1.1410330045520618,11.129158245838182,4491600.0,False,False,True,False,True,False,False,False,False,False,False,-1.819439013238337,68125.87,3.5263605246161616,68125.87,-0.9560716018859996,7.052721049232323,10.694215061434937,13.741538087046234,2.2820660091041236,22.258316491676364,-3.638878026476674
97,Ghorasal 365 MW CCPP Unit-7,5.8998973535824915,2018.0,Ghorasal 365 MW CCPP Unit-7,7.181686616936383,-0.8347107448817322,1.208960345836975,11.129158245838182,4491600.0,False,False,True,False,True,False,False,False,False,False,False,-1.8223546165611342,68125.65,1.6094379124341003,68125.65,-1.6694214897634645,3.2188758248682006,11.799794707164983,14.363373233872766,2.41792069167395,22.258316491676364,-3.6447092331222684
98,Bibiyana - South  383 MW CCPP,5.948034989180646,2021.0,Bibiyana - South  383 MW CCPP,7.208823925101887,-0.9014021193804044,0.6678293725756554,0.0,2522746430.0,False,False,True,False,True,False,False,False,False,False,False,-0.6832899856031714,0.0,0.6931471805599453,0.0,-1.8028042387608088,1.3862943611198906,11.896069978361291,14.417647850203775,1.3356587451513109,0.0,-1.366579971206343
99,Shahjibazar 330 MW CCPP,5.799092654460526,2016.0,Shahjibazar 330 MW CCPP,7.316746297090814,-0.6051363032372319,1.0438040521731147,0.0,1079194056.0,False,False,True,False,True,False,False,False,False,False,False,-1.1035272685654725,0.0,1.9459101490553132,0.0,-1.2102726064744638,3.8918202981106265,11.598185308921051,14.633492594181629,2.0876081043462293,0.0,-2.207054537130945
100,"Chapainobabgonj Peaking Power Station 100 MW, Amnura",4.6443908991413725,2017.0,"Chapainobabgonj Peaking Power Station 100 MW, Amnura",5.558492467313517,-1.2344320118106447,2.5257286443082556,3.136797713832594,251354160.0,False,False,True,False,False,True,False,False,False,False,False,-1.2506070130789655,10.530000000000001,1.791759469228055,10.530000000000001,-2.4688640236212893,3.58351893845611,9.288781798282745,11.116984934627034,5.051457288616511,6.273595427665188,-2.501214026157931
101,Barapukuria Coal based S/T (unit 3),5.6131281063880705,2018.0,Barapukuria Coal based S/T (unit 3),7.00154239041555,-0.657780036722654,2.1770218700187,2.0955609235597192,1094796315.0,False,False,True,False,False,False,False,False,False,False,False,-0.9957954452846247,-0.6899999999999995,1.6094379124341003,-0.6899999999999995,-1.315560073445308,3.2188758248682006,11.226256212776141,14.0030847808311,4.3540437400374,4.1911218471194385,-1.9915908905692492
103,Gopalganj 100 MW Peaking PP,4.6913478822291435,2011.0,Gopalganj 100 MW Peaking PP,1.4189067488473672,-4.961845129926823,5.388112365664251,3.94138761405805,0.0,False,False,True,False,False,True,False,False,False,False,False,0.0,-167.29999999999998,2.4849066497880004,-167.29999999999998,-9.923690259853647,4.969813299576001,9.382695764458287,2.8378134976947345,10.776224731328503,7.8827752281161,0.0
104,Bhola 225 MW CCPP,5.267858159063328,2015.0,Bhola 225 MW CCPP,5.753491264378996,-1.6044503709230613,1.8702625307159986,6.2878585601617845,633957607.0,False,False,True,False,True,False,False,False,False,False,False,-1.1050026125250794,531.51,2.0794415416798357,531.51,-3.2089007418461226,4.1588830833596715,10.535716318126656,11.506982528757993,3.740525061431997,12.575717120323569,-2.2100052250501587
105,Tongi 80 MW GTPP,4.653960350157523,2005.0,Tongi 80 MW GTPP,0.0,0.0,0.0,0.0,-74765.0,False,False,True,False,True,False,False,False,False,False,False,-1.8265666958606632,0.0,2.8903717578961645,0.0,0.0,5.780743515792329,9.307920700315046,-3.2148798195428547,0.0,0.0,-3.6531333917213265
106,Rangpur 20 MW /GT,2.995732273553991,1988.0,Rangpur 20 MW /GT,0.3391116075581432,-4.710530701645918,5.015025642397549,4.735496447663666,0.0,False,False,True,False,False,False,True,False,False,False,False,0.0,-36.739999999999995,3.5553480614894135,-36.739999999999995,-9.421061403291835,7.110696122978827,5.991464547107982,0.6782232151162865,10.030051284795098,9.470992895327331,0.0
107,Hathazari 100 MW Peaking PP,4.584967478670572,2011.0,Hathazari 100 MW Peaking PP,0.0,-6.907755278982137,0.0,3.4553698605505483,28044085.0,False,False,True,False,False,True,False,False,False,False,False,-1.738221543475987,0.0,2.4849066497880004,0.0,-13.815510557964274,4.969813299576001,9.169934957341145,-0.30933496002427757,0.0,6.910739721101097,-3.4764430869519733
108,Shahazibazar 100 MW GT,4.605170185988092,2021.0,Shahazibazar 100 MW GT,3.675165851026175,-2.9565115604007097,0.636576829071551,2.194999882314108,0.0,False,False,True,False,True,False,False,False,False,False,False,0.0,7.090000000000001,0.6931471805599453,7.090000000000001,-5.9130231208014195,1.3862943611198906,9.210340371976184,7.35033170205235,1.273153658143102,4.389999764628216,0.0
109,Titas 50 MW Peaking PP,3.9512437185814275,2011.0,Titas 50 MW Peaking PP,3.8102073105736918,-2.2633643798407643,2.833213344056216,2.9223846481693707,0.0,False,False,True,False,False,True,False,False,False,False,False,0.0,1.5855546668253986,2.4849066497880004,1.5855546668253986,-4.526728759681529,4.969813299576001,7.902487437162855,7.6204146211473835,5.666426688112432,5.844769296338741,0.0
110,CLC Power Co. Ltd. 108 MW Bosila Keranigonj,4.68213122712422,2017.0,CLC Power Co. Ltd. 108 MW Bosila Keranigonj,0.0,0.0,0.0,0.0,0.0,True,False,False,False,False,True,False,False,False,False,False,0.0,0.0,1.791759469228055,0.0,0.0,3.58351893845611,9.36426245424844,0.0,0.0,0.0,0.0
0,Kutubdia 900KW Wind PP,0.0,2008.0,Kutubdia 900KW Wind PP,-0.4970870976554775,0.0,1.8213182714695995,6.045005314036012,599901.0,False,False,True,False,False,False,False,False,False,False,True,-1.6481283258519925,415.82,2.70805020110221,415.82,0.0,5.41610040220442,0.0,-0.994174195310955,3.642636542939199,12.090010628072024,-3.296256651703985
1,Powerpac Mutiara Jamalpur Power plant Ltd,4.553876891600541,0.0,Powerpac Mutiara Jamalpur Power plant Ltd,5.668974995510738,-1.0498221244986778,2.423031246069913,3.091951131294534,13945632.0,True,False,False,False,False,True,False,False,False,False,False,-1.7801813379260842,10.74,0.0,10.74,-2.0996442489973557,0.0,9.107753783201082,11.337949991021476,4.846062492139826,6.183902262589068,-3.5603626758521685
2,Khanjahan Ali Noapara  40 MW,0.0,2011.0,Khanjahan Ali Noapara  40 MW,4.524857775281294,-1.2378743560016174,2.6925980965432883,0.0,29896435.0,False,False,False,True,False,True,False,False,False,False,False,0.0,0.0,2.4849066497880004,0.0,-2.475748712003235,4.969813299576001,0.0,9.049715550562588,5.385196193086577,0.0,0.0
3,Shikalbaha 150 MW Peaking PP,0.0,2010.0,Shikalbaha 150 MW Peaking PP,6.464467268328094,-0.6831968497067772,1.1878434223960523,2.155244505095337,91759968.0,False,False,True,False,True,False,False,False,False,False,False,0.0,5.350000000000001,2.5649493574615367,5.350000000000001,-1.3663936994135544,5.1298987149230735,0.0,12.928934536656188,2.3756868447921047,4.310489010190674,0.0
5,Regent Energy & Power Ltd 108 MW,4.68213122712422,2014.0,Regent Energy & Power Ltd 108 MW,6.382577318067732,-0.4620354595965587,1.0715836162801904,1.4060969884160703,360724103.0,True,False,False,False,True,False,False,False,False,False,False,-1.0958244914712616,1.1600000000000001,2.1972245773362196,1.1600000000000001,-0.9240709191931172,4.394449154672439,9.36426245424844,12.765154636135463,2.1431672325603808,2.8121939768321407,-2.191648982942523
7,Summit  Power Co. Ltd Madangonj (100 MW),4.624972813284271,2011.0,Summit  Power Co. Ltd Madangonj (100 MW),5.86742029462917,-0.916290731874155,2.2741856184723477,2.955430976780465,109319891.0,False,False,False,True,False,True,False,False,False,False,False,-1.5298458266964892,9.49,2.4849066497880004,9.49,-1.83258146374831,4.969813299576001,9.249945626568541,11.73484058925834,4.548371236944695,5.91086195356093,-3.0596916533929783
8,KPCL( 115 MW) U-2,4.74493212836325,2011.0,KPCL( 115 MW) U-2,6.072229455470271,-0.843970070294529,2.4449523342809676,2.991222118076105,107420657.0,False,False,False,True,False,True,False,False,False,False,False,-1.5631052976316129,8.38,2.4849066497880004,8.38,-1.687940140589058,4.969813299576001,9.4898642567265,12.144458910940543,4.889904668561935,5.98244423615221,-3.1262105952632258
9,Sirajgonj 210 MW CC (NWPGCL) Unit-1,5.3471075307174685,2012.0,Sirajgonj 210 MW CC (NWPGCL) Unit-1,5.37801216755522,-2.1037342342488805,2.3988039507345884,2.25758772706331,224720935.0,False,False,True,False,True,False,False,False,False,False,False,-1.528959024793702,-1.4499999999999993,2.3978952727983707,-1.4499999999999993,-4.207468468497761,4.795790545596741,10.694215061434937,10.75602433511044,4.797607901469177,4.51517545412662,-3.057918049587404
10,Summit   Barishal (110 MW),4.700480365792417,2016.0,Summit   Barishal (110 MW),5.387282916231171,-1.4696759700589417,2.673458756332591,3.6068556186353455,62791776.0,True,False,False,False,False,True,False,False,False,False,False,-1.6574802422313881,22.36,1.9459101490553132,22.36,-2.9393519401178834,3.8918202981106265,9.400960731584833,10.774565832462342,5.346917512665182,7.213711237270691,-3.3149604844627762
11,"Power Pac Mutiara,Keranigonj,100MW",4.605170185988092,2011.0,"Power Pac Mutiara,Keranigonj,100MW",5.383880194897482,-1.3862943611198906,2.1077860146889784,3.309447523052588,91903200.0,False,False,False,True,False,True,False,False,False,False,False,-1.5671390103189204,19.14,2.4849066497880004,19.14,-2.772588722239781,4.969813299576001,9.210340371976184,10.767760389794963,4.215572029377957,6.618895046105176,-3.1342780206378404
12,Lakdhanvi lanka- Bangla Jangalia Cumilla 52MW,3.9512437185814275,2014.0,Lakdhanvi lanka- Bangla Jangalia Cumilla 52MW,5.065788662137617,-1.0498221244986778,2.63834278867739,2.8231630082027146,217114112.0,True,False,False,False,False,True,False,False,False,False,False,-0.9795714606084935,2.839999999999998,2.1972245773362196,2.839999999999998,-2.0996442489973557,4.394449154672439,7.902487437162855,10.131577324275234,5.27668557735478,5.646326016405429,-1.959142921216987
13,Raj Lanka Power Gen.Com. Ltd.Nator 55 MW,3.9512437185814275,2012.0,Raj Lanka Power Gen.Com. Ltd.Nator 55 MW,4.9857146721804,-1.1394342831883648,2.513656063073986,2.7459880404426023,234706041.0,True,False,False,False,False,True,False,False,False,False,False,-0.9343283416698303,3.2300000000000004,2.3978952727983707,3.2300000000000004,-2.2788685663767296,4.795790545596741,7.902487437162855,9.9714293443608,5.027312126147972,5.4919760808852045,-1.8686566833396605
14,Gazipur 52 MW PP,3.9512437185814275,2012.0,Gazipur 52 MW PP,4.724562592578728,-1.3664917338237108,2.768204123921957,2.896464271895322,209417122.0,False,False,True,False,False,True,False,False,False,False,False,-1.0000291324214086,2.1799999999999997,2.3978952727983707,2.1799999999999997,-2.7329834676474216,4.795790545596741,7.902487437162855,9.449125185157456,5.536408247843914,5.7929285437906435,-2.000058264842817
15,Rural Power Company Ltd.(RPCL),5.3471075307174685,2007.0,Rural Power Company Ltd.(RPCL),7.047596522560698,-0.4620354595965587,1.205970806988609,1.3164082336557241,1106935572.0,True,False,False,False,True,False,False,False,False,False,False,-0.830890460973566,0.3900000000000001,2.772588722239781,0.3900000000000001,-0.9240709191931172,5.545177444479562,10.694215061434937,14.095193045121396,2.411941613977218,2.6328164673114482,-1.661780921947132
16,"Aggreko, Brahmangaon 100MW",4.605170185988092,2019.0,"Aggreko, Brahmangaon 100MW",3.362709466613413,-3.506557897319982,4.330864910577949,3.562181801067979,120485001.0,True,False,False,False,False,False,True,False,False,False,False,-1.4985365077774966,-40.77,1.3862943611198906,-40.77,-7.013115794639964,2.772588722239781,9.210340371976184,6.725418933226826,8.661729821155898,7.124363602135958,-2.997073015554993
17,"Aggreko, Aourahati 100MW",4.605170185988092,2020.0,"Aggreko, Aourahati 100MW",3.6154024367125475,-3.2188758248682006,4.160912273160771,3.5139306516493947,131526563.0,True,False,False,False,False,False,True,False,False,False,False,-1.4732455220503746,-30.549999999999997,1.0986122886681098,-30.549999999999997,-6.437751649736401,2.1972245773362196,9.210340371976184,7.230804873425096,8.321824546321542,7.027861303298789,-2.9464910441007492
18,Sirajgonj 210 MW CC (NWPGCL) Unit-3,5.393627546352362,0.0,Sirajgonj 210 MW CC (NWPGCL) Unit-3,7.277251527591779,-0.24718012914245105,1.2178757094949273,1.358409157630355,1220422550.0,False,False,True,False,True,False,False,False,False,False,False,-0.7982454645756604,0.5100000000000002,0.0,0.5100000000000002,-0.49436025828490204,0.0,10.787255092704724,14.554503055183558,2.4357514189898546,2.71681831526071,-1.596490929151321
19,Dhaka(Doreen) Northern Power Ltd.Manikgonj,4.007333185232471,2012.0,Dhaka(Doreen) Northern Power Ltd.Manikgonj,5.446065163026077,-0.7339691750802004,2.432735777459091,2.8021475244813256,297602757.0,True,False,False,False,False,True,False,False,False,False,False,-0.8227287204248023,5.09,2.3978952727983707,5.09,-1.4679383501604009,4.795790545596741,8.014666370464942,10.892130326052154,4.865471554918182,5.604295048962651,-1.6454574408496045
20,Nutan Biddyut 220MW Bhola,5.393627546352362,2021.0,Nutan Biddyut 220MW Bhola,5.586917892092618,-1.9661128563728327,0.5653138090500605,1.1019400787607843,1653494918.0,True,False,False,False,True,False,False,False,False,False,False,-0.5929181051065385,1.2499999999999998,0.6931471805599453,1.2499999999999998,-3.9322257127456655,1.3862943611198906,10.787255092704724,11.173835784185236,1.1306276181001207,2.2038801575215685,-1.185836210213077
21,Summit Narayangonj Power unit-2 Madangonj (55 MW),4.007333185232471,2016.0,Summit Narayangonj Power unit-2 Madangonj (55 MW),5.558763253644216,-0.616186139423817,2.437115985951652,2.850128299695199,288604038.0,True,False,False,False,False,True,False,False,False,False,False,-0.8420682490678824,5.85,1.9459101490553132,5.85,-1.232372278847634,3.8918202981106265,8.014666370464942,11.117526507288432,4.874231971903304,5.700256599390398,-1.6841364981357647
22,Jodiac Power,3.9889840465642745,2019.0,Jodiac Power,5.6231597376870806,-0.527632742082372,2.411439497906128,2.7536607123542622,320369811.0,True,False,False,False,False,True,False,False,False,False,False,-0.7636508796242263,4.549999999999999,1.3862943611198906,4.549999999999999,-1.055265484164744,2.772588722239781,7.977968093128549,11.246319475374161,4.822878995812256,5.5073214247085245,-1.5273017592484526
23,Dhaka(Doreen) Southern Power Ltd.Nobabgonj,4.007333185232471,0.0,Dhaka(Doreen) Southern Power Ltd.Nobabgonj,5.471835284785841,-0.7133498878774648,2.423031246069913,2.785011242238338,311143774.0,True,False,False,False,False,True,False,False,False,False,False,-0.7943142873840389,4.92,0.0,4.92,-1.4266997757549296,0.0,8.014666370464942,10.943670569571681,4.846062492139826,5.570022484476676,-1.5886285747680777
26,Summit Meghnaghat Power Co.Ltd.,5.720311776607412,2015.0,Summit Meghnaghat Power Co.Ltd.,7.3518600981612225,-0.5447271754416722,1.4350845252893227,1.4398351280479205,1524542505.0,True,False,False,False,True,False,False,False,False,False,False,-0.8631270673180411,0.019999999999999574,2.0794415416798357,0.019999999999999574,-1.089454350883344,4.1588830833596715,11.440623553214824,14.703720196322445,2.8701690505786455,2.879670256095841,-1.726254134636082
29,Import from Tripura (2nd  Phase),4.0943445622221,0.0,Import from Tripura (2nd  Phase),6.93102199741967,0.0,1.1410330045520618,2.0731719286662407,941241612.0,False,False,False,False,False,False,False,False,True,False,False,-0.031653824096879536,4.82,0.0,4.82,0.0,0.0,8.1886891244442,13.86204399483934,2.2820660091041236,4.146343857332481,-0.06330764819375909
32,Gazipur 100 MW PP,4.653960350157523,2019.0,Gazipur 100 MW PP,5.91593464140883,-0.8915981192837836,2.505525936990736,2.8142103969306005,535752588.0,False,False,True,False,False,True,False,False,False,False,False,-0.8542179947956748,4.43,1.3862943611198906,4.43,-1.7831962385675673,2.772588722239781,9.307920700315046,11.83186928281766,5.011051873981472,5.628420793861201,-1.7084359895913497
33,Sembcorp NWPGCL,6.025865973825314,2016.0,Sembcorp NWPGCL,7.987944432417211,-0.21072103131565253,1.1216775615991057,1.1755733298042381,2817383745.0,True,False,False,False,True,False,False,False,False,False,False,-0.6608148565217046,0.17000000000000037,1.9459101490553132,0.17000000000000037,-0.421442062631305,3.8918202981106265,12.051731947650628,15.975888864834422,2.2433551231982114,2.3511466596084762,-1.3216297130434091
34,Baraka Shikalbaha 105MW PS,4.653960350157523,2017.0,Baraka Shikalbaha 105MW PS,5.076328148734482,-1.7719568419318752,2.8553201198372458,2.776954179749421,610898228.0,True,False,False,False,False,True,False,False,False,False,False,-0.7706091753122932,-1.3099999999999987,1.791759469228055,-1.3099999999999987,-3.5439136838637504,3.58351893845611,9.307920700315046,10.152656297468964,5.7106402396744915,5.553908359498843,-1.5412183506245865
35,Confidence Power  Ltd. 113MW Rangpur,4.727387818712341,2019.0,Confidence Power  Ltd. 113MW Rangpur,6.203344906143481,-0.6931471805599453,2.4397349311412793,2.7744619666214616,623970029.0,True,False,False,False,False,True,False,False,False,False,False,-0.8039438611852009,4.5600000000000005,1.3862943611198906,4.5600000000000005,-1.3862943611198906,2.772588722239781,9.454775637424682,12.406689812286961,4.8794698622825585,5.548923933242923,-1.6078877223704018
36,Bogura 113 MW PP (Confidence) Unit-1,4.727387818712341,2019.0,Bogura 113 MW PP (Confidence) Unit-1,6.14888081765646,-0.7550225842780328,2.457877977400081,2.800933195248924,613355712.0,True,False,False,False,False,True,False,False,False,False,False,-0.8148951536852352,4.780000000000001,1.3862943611198906,4.780000000000001,-1.5100451685560656,2.772588722239781,9.454775637424682,12.29776163531292,4.9157559548001615,5.601866390497848,-1.6297903073704705
37,Karnaphuli Power Ltd.,4.700480365792417,2019.0,Karnaphuli Power Ltd.,4.468966654951015,-2.4079456086518722,3.242592351485517,2.738902664584975,693947514.0,True,False,False,False,False,True,False,False,False,False,False,-0.7168029796498783,-10.13,1.3862943611198906,-10.13,-4.815891217303744,2.772588722239781,9.400960731584833,8.93793330990203,6.485184702971034,5.47780532916995,-1.4336059592997565
38,United Jamalpur PPL,4.74493212836325,2019.0,United Jamalpur PPL,6.288734941826422,-0.6348782724359695,2.516889695641051,2.847812143477369,627954216.0,True,False,False,False,False,True,False,False,False,False,False,-0.8109899541722426,4.859999999999999,1.3862943611198906,4.859999999999999,-1.269756544871939,2.772588722239781,9.4898642567265,12.577469883652844,5.033779391282102,5.695624286954738,-1.6219799083444852
39,Confidence CPBL- 2 Bogura,4.727387818712341,2019.0,Confidence CPBL- 2 Bogura,6.1043705984749845,-0.7985076962177716,2.5273273656719524,2.8069901489571136,655152288.0,True,False,False,False,False,True,False,False,False,False,False,-0.7724484034218939,4.039999999999999,1.3862943611198906,4.039999999999999,-1.5970153924355432,2.772588722239781,9.454775637424682,12.208741196949969,5.054654731343905,5.613980297914227,-1.5448968068437878
42,Kodda Gazipur 149MW Power Ltd. (unit-1 Summit) ACE Alliance,5.003946305945459,2018.0,Kodda Gazipur 149MW Power Ltd. (unit-1 Summit) ACE Alliance,6.674245685418749,-0.4942963218147801,2.3580197998821464,2.8027541365715076,809133408.0,True,False,False,False,False,True,False,False,False,False,False,-0.813251495162613,5.919999999999998,1.6094379124341003,5.919999999999998,-0.9885926436295602,3.2188758248682006,10.007892611890918,13.348491370837499,4.716039599764293,5.605508273143015,-1.626502990325226
45,Manikganj 162MW P0wer Generation,5.087596335232384,2020.0,Manikganj 162MW P0wer Generation,5.9219091960304695,-1.3470736479666092,2.60638654732571,2.7606426512213806,1041083049.0,True,False,False,False,False,True,False,False,False,False,False,-0.7024079974545484,2.26,1.0986122886681098,2.26,-2.6941472959332184,2.1972245773362196,10.175192670464767,11.843818392060939,5.21277309465142,5.521285302442761,-1.4048159949090966
48,Kodda Gazipur 300MW Power Ltd.(unit-2 Summit),5.703782474656201,2018.0,Kodda Gazipur 300MW Power Ltd.(unit-2 Summit),7.154812837413106,-0.7133498878774648,2.3896797998449792,2.8437459165561094,1421077329.0,True,False,False,False,False,True,False,False,False,False,False,-0.8960530819551734,6.27,1.6094379124341003,6.27,-1.4266997757549296,3.2188758248682006,11.407564949312402,14.309625674826211,4.779359599689959,5.687491833112219,-1.7921061639103468
49,United Anwara 300MW PS,5.703782474656201,2019.0,United Anwara 300MW PS,7.086736345880553,-0.7765287894989963,2.4300984132930052,2.8130106367386967,1677406561.0,True,False,False,False,False,True,False,False,False,False,False,-0.7923882397562413,5.300000000000001,1.3862943611198906,5.300000000000001,-1.5530575789979928,2.772588722239781,11.407564949312402,14.173472691761106,4.8601968265860105,5.626021273477393,-1.5847764795124824
50,Ghorashal 78 MW QRPP (3 Yrs Max Power),0.0,2011.0,Ghorashal 78 MW QRPP (3 Yrs Max Power),4.629368042060298,-1.0498221244986778,2.0693912058263346,0.0,0.0,False,False,False,True,True,False,False,False,False,False,False,0.0,0.0,2.4849066497880004,0.0,-2.0996442489973557,4.969813299576001,0.0,9.258736084120596,4.138782411652669,0.0,0.0
51,"Shahjibazar 70 MW GT, Habiganj",4.248495242049359,2000.0,"Shahjibazar 70 MW GT, Habiganj",5.890061191554281,-0.4652151125139384,1.2919836816486494,1.1118575154181303,416665550.0,False,False,True,False,True,False,False,False,False,False,False,-0.7587614429008488,-0.6000000000000001,3.1354942159291497,-0.6000000000000001,-0.9304302250278768,6.270988431858299,8.496990484098719,11.780122383108562,2.583967363297299,2.2237150308362605,-1.5175228858016976
52,Fenchuganj C.C. (Unit #2),4.6443908991413725,1994.0,Fenchuganj C.C. (Unit #2),5.481824054130324,-1.0788096613719298,1.2837077723447896,1.1378330018213911,0.0,False,False,True,False,True,False,False,False,False,False,False,0.0,-0.48999999999999977,3.367295829986474,-0.48999999999999977,-2.1576193227438596,6.734591659972948,9.288781798282745,10.963648108260648,2.567415544689579,2.2756660036427823,0.0
53,Karnafuli Hydro,5.438079308923196,1962.0,Karnafuli Hydro,6.4846211897350825,-1.1208578976154293,1.0986122886681098,0.9932517730102834,743538106.0,False,False,True,False,False,False,False,True,False,False,False,-1.1101189760907377,-0.2999999999999998,4.110873864173311,-0.2999999999999998,-2.2417157952308586,8.221747728346623,10.876158617846391,12.969242379470163,2.1972245773362196,1.986503546020567,-2.2202379521814755
54,Sylhet 225 MW CCPP,5.442417710521793,2020.0,Sylhet 225 MW CCPP,6.980563170683097,-0.6014799920341214,1.0818051703517284,5.3612921657094255,0.0,False,False,True,False,True,False,False,False,False,False,False,0.0,210.05,1.0986122886681098,210.05,-1.2029599840682428,2.1972245773362196,10.884835421043586,13.961126341366194,2.163610340703457,10.722584331418851,0.0
55,Baghabari 50 MW Peaking RE,3.9512437185814275,1991.0,Baghabari 50 MW Peaking RE,4.448390052174729,-1.6554818509355071,2.67552700939665,7.563200592358071,106132634.0,False,False,True,False,False,True,False,False,False,False,False,-1.3248524333121616,1911.48,3.4657359027997265,1911.48,-3.3109637018710143,6.931471805599453,7.902487437162855,8.896780104349459,5.3510540187933,15.126401184716142,-2.649704866624323
56, Ghorasal Repowered CCPP Unit-4,5.3471075307174685,2022.0, Ghorasal Repowered CCPP Unit-4,5.636654292127112,-1.6245515502441485,1.1410330045520618,11.129158245838182,4491600.0,False,False,True,False,True,False,False,False,False,False,False,-1.819439013238337,68125.87,0.0,68125.87,-3.249103100488297,0.0,10.694215061434937,11.273308584254224,2.2820660091041236,22.258316491676364,-3.638878026476674
57, Ghorasal TPP Unit-6,0.0,2022.0, Ghorasal TPP Unit-6,0.0,0.0,1.1410330045520618,11.129158245838182,4491600.0,False,False,True,False,True,False,False,False,False,False,False,-0.9259431403794621,68125.87,0.0,68125.87,0.0,0.0,0.0,1.5823618416626215,2.2820660091041236,22.258316491676364,-1.8518862807589243
58,"Barapukuria Coal based S/T (unit 1,2)",5.521460917862246,2006.0,"Barapukuria Coal based S/T (unit 1,2)",4.460034581316857,-2.551046452292545,2.419478844465545,2.0955609235597192,1094796315.0,False,False,True,False,False,False,False,False,False,False,False,-0.9432540774675305,-3.1099999999999994,2.833213344056216,-3.1099999999999994,-5.10209290458509,5.666426688112432,11.042921835724492,8.920069162633714,4.83895768893109,4.1911218471194385,-1.886508154935061
60,Shikalbaha 225 MW PS,5.41610040220442,2017.0,Shikalbaha 225 MW PS,6.922320785095451,-0.623621117911335,1.091923300517313,6.747586526829315,371948514.0,False,False,True,False,True,False,False,False,False,False,False,-1.397692361579203,849.02,1.791759469228055,849.02,-1.24724223582267,3.58351893845611,10.83220080440884,13.844641570190902,2.183846601034626,13.49517305365863,-2.795384723158406
62,Haripur GTPP,3.4657359027997265,0.0,Haripur GTPP,0.0,0.0,0.0,0.0,0.0,False,False,True,False,True,False,False,False,False,False,False,0.0,0.0,0.0,0.0,0.0,0.0,6.931471805599453,-1.7231316643698171,0.0,13.08273092970818,0.0
64,Bogura 20 RPP (3 Yrs) Energy Prima,2.995732273553991,2011.0,Bogura 20 RPP (3 Yrs) Energy Prima,3.412503229031125,-1.7719568419318752,1.244154593958768,0.0,0.0,False,False,False,True,True,False,False,False,False,False,False,0.0,0.0,2.4849066497880004,0.0,-3.5439136838637504,4.969813299576001,5.991464547107982,6.82500645806225,2.488309187917536,0.0,0.0
